<?xml version="1.0" encoding="UTF-8" standalone="yes"?>
<addon id="plugin.video.sexyloucosbrasil" name="[COLOR pink]SexyLoucos[/COLOR] [COLOR yellow]Brasil[/COLOR]" version="1.0.2" provider-name="Marcao">
	<requires>
		<import addon="script.module.six" />
		<import addon="script.module.kodi-six" />
		<import addon="script.module.requests" optional="true"/>
		<import addon="script.module.websocket" version="0.50.0"  optional="true"/>
		<import addon="script.module.youtube.dl" optional="true"/>
		<import addon="plugin.video.youtube" optional="true" />
		<import addon="script.module.dateutil" optional="true" />
		<import addon="script.module.resolveurl" optional="true"/>
		<import addon="script.module.urlresolver" optional="true"/>
		<import addon="script.module.cloudscraper" optional="true"/>
		<import addon="script.module.inputstreamhelper" optional="true"/>
		<import addon="script.module.slproxy" optional="true"/>
	</requires>
	<extension point="xbmc.python.pluginsource" library="default.py">
	<provides>video</provides>
</extension>   
<extension point="xbmc.addon.metadata">
	<summary lang="en">sexyloucos brasil is an add-on from the Kodiloucos family. ALL LINKS ARE AVAILABLE ON THE INTERNET!</summary>
	<summary lang="pt">sexyloucos brasil  é um addon da familia KodiloucosBR .TODOS OS LINKS ESTÃO DISPONIVEIS NA INTERNET!</summary>
	<description lang="en">sexyloucos brasil is an add-on from the KodiloucosBR family. ALL LINKS ARE AVAILABLE ON THE INTERNET!</description>
	<description lang="pt">sexyloucos brasil é um addon da familia KodiloucosBR.TODOS OS LINKS ESTÃO DISPONIVEIS NA INTERNET!</description>
    <disclaimer lang="en">The author is in no way affiliated with Kodi, Team Kodi or the XBMC Foundation. This is a non-profit resource.</disclaimer>
	<disclaimer lang="pt">O autor não é de forma alguma afiliado ao Kodi, Team Kodi ou a XBMC Foundation. Este é um recurso sem fins lucrativos.</disclaimer>
    <platform>all</platform>
	<assets>
       <icon>icon.png</icon>
       <fanart>fanart.jpg</fanart>
    </assets>
	<news>
v1.0.2
- Inauguração sexyloucosbrasil Addon Adulto
	</news>
</extension>
</addon>
